pat_id,pat_record_status,pat_sip,pat_nhc,pat_age,pat_dateBirth,pat_sex,pat_weight,pat_height,pat_imc,pàt_data_joined,pat_role,pat_date_ingreso,pat_date_alta,pat_date_ingreso_uci,pat_date_alta_uci,estancia_hosp,exitus,asv,intrauci,exitus_28d,date_exitus,id_dia,id_tipo_toma,status_dia,UCI,SOFA,PCR,lactato,pH,procalcitonina,H2B,H3,H4,PCA,prot_C,il6,comentarios_histonas,FR,TAS,TAM,proteina_total,leucocitos,hemoglobina,plaquetas,neutrofilos,albumina,prealbumina,Ca,acido_urico,colesterol_total,trigliceridos,hdl,ldl,trasaminasa_gpt,trasaminasa_got,transaminasa_ggt,fosfatasa_alcalina,Fe,IST,bilirrubina_total,bilirrubina_direct,transferrina,ferritina,fosforo,Zn,linfocitos_abs,linfocitos_cd3_abs,linfocitos_cd4_abs,linfocitos_cd8_abs,cd4_cd8_abs,linfocitos_cd3,linfocitos_cd4,linfocitos_cd8,cd4_cd8,ratio_cd4_cd8,magnesio,glucosa,urea,creatinina,Na,K,Cl,Pa02,Fi02,Pa02_Fi02,bicarbonato,dimero_d,fibrinogeno,t_tromboplastina_parcial_act,troponina_cardiac_ultrasensib,t_pro_trombina,LDH,antitrombina_3,PaC02,ind_quick,nt_proBNP,rbp,hematocrito,inr,cpk,case_pat_id,pat_diag_ingreso,cl_find_id,foco_infecc,tipologia_pat,agent_etio,VM_96h,traqueo,infecccion_nosoco,upp,fmo,perdida_masa_musc,malnutricion,det_cognitivo,status_ecc,pcr_pics,linfo_pics,albumnina_pics,rbp_pics,prealbumina_pics,status_pics,apache_2,bacteriemia,lactato_6h,lactato_elimina,coloides,cristaloides,ecocardio_frac,sat_ven_central,ecocardio_ven_cava_inf,desescalada_72_antibio,comentarios_micros,infarto_miocardio,insuficiencia_cardiac_congest,enf_vasc_periferica,enf_cerebro_vasc,demencial,epoc,patologia_conect,patologia_hepa_leve,patologia_hepa_grav_mod,ulcera,diabetes,diabetes_lesion_org,hemiplejia,patologia_renal_grav_mod,tumor_solido,metastasis,leucemia,linfomas,sida,charlson,hta,tabaco,alcohol,cardio_isquemia_cronica,dislipemia,enf_hemato_maligna,corticoides,inmunosupr,atb_prev_ingreso,ingreso_prev,ult_ingreso_num,ult_ingreso,CFS
943BG,,4975739579,740327,78,,0,,,,"2023-07-11 04:27:02.296316",Caso,2023-07-04,,2023-07-06,,,0,0,0,0,,1,estudio,,1,,,,,,,,,,,,,,,,,,,,,,,,,,,,,,,,,,,,,,,,,,,,,,,,,,,,,,,,,,,,,,,,,,,,,,,,,,,,943BG,0,700054008,0,"Asociada a ccss",,,,,,,,,,,,,,,,,,0,,0,,,,,,0,,0,0,0,0,0,0,0,0,0,0,0,0,0,0,0,0,0,0,0,0,0,0,0,0,0,0,0,0,0,0,0,0,0
9LO5W,,9283409280,849083,80,,0,,,,"2023-07-03 19:00:24.645890",Caso,,,2023-06-30,,,0,0,0,0,,1,estudio,,1,,,,,,,,,,,,,,,,,,,,,,,,,,,,,,,,,,,,,,,,,,,,,,,,,,,,,,,,,,,,,,,,,,,,,,,,,,,,9LO5W,,700054008,,,,,,,,,,,,,,,,,,,,0,,0,,,,,,0,,0,0,0,0,0,0,0,0,0,0,0,0,0,0,0,0,0,0,0,0,0,0,0,0,0,0,0,0,0,0,0,0,0
A6UKJ,,2873917938,793879,78,,0,,,,"2023-07-11 04:00:46.168966",Caso,2023-06-27,,2023-07-06,,,0,0,0,0,,1,estudio,,1,,,,,,,,,,,,,,,,,,,,,,,,,,,,,,,,,,,,,,,,,,,,,,,,,,,,,,,,,,,,,,,,,,,,,,,,,,,,A6UKJ,0,700054008,0,0,,,,,,,,,,,,,,,,,,0,,0,,,,,,0,,0,0,0,0,0,0,0,0,0,0,0,0,0,0,0,0,0,0,0,0,0,0,0,0,0,0,0,0,0,0,7,0,0
L7HKJ,,3284980958,895480,70,,0,,,,"2023-07-03 11:44:37.471454",Caso,,,2023-06-30,,,0,0,0,0,,1,estudio,,1,,,,,,,,,,,,,,,,,,,,,,,,,,,,,,,,,,,,,,,,,,,,,,,,,,,,,,,,,,,,,,,,,,,,,,,,,,,,L7HKJ,,700054008,,,,,,,,,,,,,,,,,,,,0,,0,,,,,,0,,0,0,0,0,0,0,0,0,0,0,0,0,0,0,0,0,0,0,0,0,0,0,0,0,0,0,0,0,0,0,0,0,0
